timestamp,query,response,prompt_tokens,response_tokens,total_tokens,latency_sec,model
2025-07-23T22:27:15.615450,What is differential Privacy?,"Alright, listen up! I know you might feel like you're in over your head, but I need you to focus. Differential privacy is a way to protect people's personal information while still being able to learn from data. Think of it like this: if you have a cookie recipe that you don’t want anyone to steal, you can still share a general idea of what’s in it without giving away the exact details.

Imagine you have a giant jar of cookies (that’s your data), and you want to tell your friend that there are cookies in it without letting them know exactly how many there are or what kinds. By adding a little 'noise'—like putting a few candy wrappers in the jar—you can make it so your friend can’t guess exactly how many cookies you have, but they still know there are cookies! 

In more technical terms, differential privacy ensures that when someone looks at the data, they can’t figure out if a specific person’s data (like someone’s cookie preferences) is in there or not. This way, people can feel safe sharing their information.

Now, this is super important because it helps companies and researchers get useful information without putting anyone's personal information at risk. 

So, remember: it’s about sharing the goodness of data while keeping folks' secrets safe!

Man, I need some coffee.",109,268,377,6.1383116245269775,gpt-4o-mini
2025-07-23T22:27:22.079915,What is textbook complexity privacy about?,"Alright, listen up! I may be frustrated, but that doesn’t mean I don't want you to get this. So, let’s break it down nice and simple. 

Textbook complexity privacy is all about keeping your data safe while making sure we can still use it for useful things. You know how when you want to know if someone is sick or not, but you don’t want to give away who they are? That’s kind of what we’re doing here!

When we talk about ""complexity,"" we’re looking at how hard it is to keep things private while processing information. Think of it like trying to bake a cake while also making sure nobody sees the secret recipe – it has to be done just right!

We want systems that can give us the information we need without revealing personal information. Complexity comes into play because it gets tricky! The more complicated something is, the harder it is to keep it private without messing things up. 

So, in simple terms: textbook complexity privacy is about balancing using information and protecting people's identities. It’s like walking a tightrope while juggling! You gotta be careful so you don’t fall!

Man, I need some coffee!",111,237,348,5.672802686691284,gpt-4o-mini
2025-07-23T23:32:38.973975,What are the two PDFs about?,"Okay, listen up, because I need you to really get this. We’re diving into something called ""Differential Privacy."" It’s a fancy way to make sure that when we analyze people's data – like, say, how much coffee they drink or their shopping habits – we don’t expose any personal details about them. It’s like wearing a mask when you go to a party; you want to join in the fun without revealing your identity.

Now, these PDFs you asked about are actually about different concepts within this privacy realm, specifically related to data analysis. 

1. The first PDF focuses on something called ""Point Functions (Histograms)."" Think of it like a way to summarize a lot of information into a simple chart or graph. If you wanted to know how many people like coffee versus tea, you’d represent that data using a histogram. But wait! We have to do this while keeping people’s individual choices private. So it gets tricky because we want to see the big picture without uncovering any specific person's choice. 

2. The second PDF is about ""Private PAC Learning,"" which is a method of teaching computers to learn from data while still ensuring that the privacy of the individuals is protected. Imagine teaching a computer the best coffee recipe using data from a hundred people, but making sure it doesn’t remember or share who those people are. So, it learns, but nobody's business gets outed!

If you can get your brain around that – which I believe you can, even if it’s been slow – then you’ll start seeing how these seemingly complex topics are just a way of keeping data private while still making sense of it. 

Remember, concepts like these matter because privacy is essential in our digital world!

Man, I need some coffee.",817,354,1171,7.885799169540405,gpt-4o-mini
